INSERT INTO Type_client (id_type, name_type)
VALUES
	(1, 'юр.лицо'),
	(2, 'физ.лицо');
	
INSERT INTO Suppliers (id_supplier, name_supplier, id_type, email, number_phone, address)
VALUES
	(1, 'ООО Электро', 1, 'electro@gmail.com', '8(924)2343205', 'г.Москва, ул. Августа, 4'),
	(2, 'ООО Вкусно', 1, 'vkusno@yandex.ru', '8(916)9113289', 'г.Москва, ул. Ленина, 14'),
	(3, 'ООО Хим', 1, 'him@mail.ru', '8(924)2343205', 'г.Новосибирск, ул. Чехова, 3'),
	(4, 'Константин Джонсон', 2, 'konst@gmail.com', '8(916)2056205', 'г.Нью-Йорк, ул. Иттера, 1'),
	(5, 'Григорий Аврелий', 2, 'grigoriy@gmail.com', '8(924)7305410', 'г.Одесса, ул. Сентябрьская, 2');
	
INSERT INTO Customers (id_customer, name_customer, id_type, email,	number_phone, address)
VALUES
	(1, 'Ирина Мишина', 2, 'irinamih@gmail.com', '8(916)1004305', 'г.Москва, ул. Августа, 1'),
	(2, 'Александр Степанов', 2, 'alex19@yandex.ru', '8(916)2035201', 'г.Санкт-Петербург, ул. Пушкина, 4'),
	(3, 'ООО Кипр', 1, 'kipr@mail.ru', '8(924)2201305', 'г.Санкт_Петербург, ул. Булгакова, 10'),
	(4, 'Константин Джонсон', 2, 'konst@gmail.com', '8(916)2056205', 'г.Нью-Йорк, ул. Иттера, 1'),
	(5, 'Марина Григорьева', 2, 'marigrig@gmail.com', '8(924)7145610', 'г.Иваново, ул. Шереметево, 8');

INSERT INTO Products (id_product, name_product, type_prod, count_prod, unit_measure, date_prod, storage_location, id_supplier)
VALUES
	(1, 'чайники', 'бытовая техника', 30, 'шт', '2020-12-16 12:00:00', '01 02 13', 1),
	(2, 'сыр', 'продукты', 80, 'кг', '2021-02-01 10:00:00', '02 10 03', 5),
	(3, 'стиральный порошок', 'бытовая химия', 35, 'кг', '2021-01-20 13:30:00', '03 01 01', 3),
	(4, 'коньяк', 'продукты', 50, 'л', '2021-02-01 14:30:00', '02 10 04', 2),
	(5, 'шорты', 'одежда', 100, 'шт', '2020-12-12 10:50:00', '04 03 01', 4);
	
INSERT INTO Deliveries (id_deliveries, id_product, id_supplier, count_prod, date_deliver, storage_time)
VALUES
	(1, 2, 2, 80, '2021-01-10 17:10:00', 60),
	(2, 4, 4, 50, '2021-01-13 12:30:00', 90),
	(3, 1, 1, 20, '2021-01-19 17:50:00', 100),
	(4, 5, 5, 100, '2020-11-23 15:00:00', 100),
	(5, 3, 3, 35, '2021-01-22 10:30:00', 100);

INSERT INTO Provision (id_provision, id_product, id_customer, count_prod, date_prov, status)
VALUES
	(1, 2, 4, 40, '2021-02-10 19:30:00', 'завершен'),
	(2, 4, 2, 10, '2021-02-16 14:00:00', 'завершен'),
	(3, 1, 3, 20, '2021-01-23 19:50:00', 'завершен'),
	(4, 5, 1, 40, '2020-12-29 20:30:00', 'завершен'),
	(5, 3, 5, 15, '2021-02-27 18:50:00', 'в процессе');